dirname,filename,writer
PostAlphaEye,PostAlphaEye.x,そぼろ
PAToon,PAToon僐儞僩儘乕儔乕.pmx,P.I.P
PostRimShilouhette,RimShilouhetteCTR.pmx,P.I.P
ikBokeh_v017,ikBokehController.pmx,ikeno
msPowerOverlay_ver.1.0,msPowerOverlayController.pmx,ましまし
msGradation_ver.2.0\msGradation1,msGradation1Controller.pmx,ましまし
nbHSV_v2.00,Controller_nbHSV.pmd,のべ男
HgSpotLight,HgSpotLight.pmx,針金P
疑似ボリュームライト,FVL_Obj.pmx,針金P
WorkingFloor2_Blur-main,WorkingFloor2_Blur.pmx,針金P/KH40
ExcellentShadow2,ExcellentShadow.x,そぼろ
ikDiffusion\Diffusion1,ikDiffusion1.x,ikeno
PostRimShilouhette,PostRimShilouhette.x,P.I.P
AutoLuminous4,AutoLuminous.x,そぼろ
PostDropHair_v0.4,PostDropHair.x,P.I.P/ミーフォ茜
ikBokeh_v017,ikBokeh.x,ikeno
疑似ボリュームライト,FakeVolumeLight.x,針金P
CheapLens,CheapLens.x,そぼろ
msPowerOverlay_ver.1.0,msPowerOverlay.x,ましまし
msGradation_ver.2.0\msGradation1,msGradation1.x,ましまし
空中に漂う埃\嬻拞偵昚偆毢,嬻拞偵昚偆毢.x,化身バレッタ
ikClut改変 photofilm,photofilm05.x,ikeno/ハル
o_Tonemap改変 空,晴れ.x,おたもん/ハル
PostRimLightToon_v08,PostRimLightToon.pmx,P.I.P
ExcellentShadow2\ExShadowSSAO,ExShadowSSAO.x,そぼろ
AnimeScreenTex_v1.0,A-screen.x,針金P/tktk
Diffusion7,Diffusion.x,そぼろ
ikClut_デフォルメ,デフォルメ.x,ikeno/くろくまの人
wdark051a,wdark_ctrl_051.pmx,呉石
tn_PostPointLight_03,tn_PostPointLight.pmx,呉石
HgSSAO_v003,HgSSAO.x,針金P
wdark051a,wdark_051.x,呉石
iKclut_RC_Cinema\Film,Film.x,ikeno/RedialC
PostRimLighting,PostRimLighting.x,ミーフォ茜
nbHSV_v2.00,nbHSV.x,のべ男
ikClut改変 film,film05.x,ikeno/ハル
msPowerUnsharp_ver.1.0,msPowerUnsharpController.pmx,ましまし
wdark051a,wdark_051.x,呉石
空中に漂う埃,空中に漂う埃.x,化身バレッタ
空気遠近,空気遠近青.x,化身バレッタ
Drop Colors,Drop red.x,ikeno/Winglayer
msPowerUnsharp_ver.1.0,msPowerUnsharp.x,ましまし
iKclut_RC_Cinema,Jap.x,ikeno/RedialC
o_Tonemap_v0_7,o_Monochrome.x,おたもん
空気遠近\嬻婥墦嬤,嬻婥墦嬤惵.x,化身バレッタ
WorkingFloorX_v006,WorkingFloorX.x,針金P
g_SimpleFog_01,g_SimpleFogCtrl_01.pmx,呉石
Feather_ParticleV2\White,Controller.pmd,ビームマンＰ/Winglayer
PostMovie改変 COLOR CODE,7.MidnightBlue.x,ikeno/ハル
g_SimpleFog_01,g_SimpleFog_01.x,呉石
ScreenTex夵曄_摦偔擖幩岝,C_擖幩岝4_post.x,針金P/のりしお
Feather_ParticleV2\White,Feather-B.x,ビームマンＰ/Winglayer
SvSSAO,SvSSAO.x,そぼろ/おたもん
Croquis_v011,Croquis.x,Elle/データP
PostMovie変_Z-9,4.x,ビームマンP/ZERA@のりたまP
PostMovie変_Z-9,6.x,ZERA@のりたまP/ビームマンP
nbHSV_v2.00\暋悢巊梡梡,2_Controller_nbHSV2.pmd,のべ男
M4Layer,M4Layer.x,ミーフォ茜
msUnsharp,msUnsharp.x,ましまし
ikClut改変_color,オレンジ.x,ikeno/ハル
ikWetFloor,ikWetFloor.x,ikeno
msSoftFocus_ver.1.1,msSoftFocus.x,ましまし
ikClut改変 Flower,ライラック.x,ikeno/ハル
周边减光otamon,o_Vignette.x,おたもん
PowerShader v3.2,AutoLuminousP.x,角砂糖
PostMultiShadow_Toon,PostMultiShadowToon.pmx,P.I.P/ミーフォ茜/そぼろ
LightBloom-1.1.1,LightBloomController.pmx,rui
ikOverray_v003,ikOverrayController.pmx,ikeno
Rose_petals,RosePetals.pmd,ビームマンＰ/Winglayer
PowerShader v3.2,DiffusionP.x,角砂糖
LightBloom-1.1.1,LightBloom.x,rui
ikOverray_v003,ikOverray.x,ikeno
Rose_petals\Purple,Purple.x,ビームマンＰ/Winglayer
1color 1.1_winglayer,Red.x,ikeno/Winglayer
LightBloom-1.1.1,LightBloom with DirtMap.x,rui
ikClut,ikClut.x,ikeno
空気遠近\嬻婥墦嬤,嬻婥墦嬤敀.x,化身バレッタ
ikClut改変 Classic,レクイエム.x,ikeno/ハル
ikClut_空気清浄機改,空気清浄機.x,ikeno/くろくまの人
ikClut (for Red&Green),Red&Green_04.x,ikeno/溯北P
ikClut改変 photofilm,photofilm01.x,ikeno/ハル
ikClut改変 photofilm,photofilm02.x,ikeno/ハル
ikClut改変 photofilm,photofilm07.x,ikeno/ハル
Particle_Offset_SJ,Particle_Controller.pmx,rui/そぼろ/化身バレッタ/ARonisc/三金络合物
Particle_Offset_SJ,Particle_Offset_SJ.x,rui/そぼろ/化身バレッタ/ARonisc/三金络合物
ikClut_ZT2,01.x,ikeno/做最舒服的枕头
ikClutｸﾄ我 photofilm,photofilm03.x,ikeno/ハル
iKclut_RC_Cinema\Jap,Jap.x,ikeno/RedialC
ikClut改変 Flower,ジャスミン.x,ikeno/ハル
PostMovie変_Z-9,7.x,ZERA@のりたまP/ビームマンP
PostMovie変_Z-9,2.x,ZERA@のりたまP/ビームマンP
PowerShader v3.2,PSController.pmx,角砂糖
Particle_RayBokeh,Particle_RayBokeh.pmx,Rui/そぼろ/化身バレッタ/ARonisc
fluid2D_1_0_4,fluid2DController.pmx,ビームマンP
fluid2D_1_0_4,fluid2D.x,ビームマンP
ikDiffusion\Diffusion2,ikDiffusion2.x,ikeno
ikClut (for Red&Green),Red&Green_07.x,ikeno/溯北P
Particle_RayBokeh,Particle_RayBokeh.x,Rui/そぼろ/化身バレッタ/ARonisc
ikClut改変 photofilm,photofilm04.x,ikeno/ハル
